{"stats":{"minecraft:killed_by":{"undead_revamp2:thepregnant":1,"undead_revamp2:the_moonflower":1},"minecraft:custom":{"minecraft:time_since_rest":6307,"minecraft:sprint_one_cm":136295,"minecraft:damage_taken":768,"minecraft:walk_one_cm":27666,"minecraft:mob_kills":3,"minecraft:drop":9,"minecraft:damage_dealt":700,"minecraft:swim_one_cm":21449,"minecraft:interact_with_crafting_table":7,"minecraft:fly_one_cm":127645,"minecraft:crouch_one_cm":3467,"minecraft:walk_under_water_one_cm":2567,"minecraft:play_time":23212,"minecraft:deaths":2,"minecraft:sneak_time":1380,"minecraft:jump":557,"minecraft:leave_game":1,"minecraft:time_since_death":6274,"minecraft:walk_on_water_one_cm":11649,"minecraft:climb_one_cm":1283,"minecraft:total_world_time":23212,"minecraft:fall_one_cm":14854},"minecraft:dropped":{"immersiveengineering:concrete":1,"minecraft:wooden_axe":1,"immersiveengineering:concrete_quarter":2,"biomesoplenty:spanish_moss":1,"minecraft:rotten_flesh":3,"minecraft:wooden_sword":1,"rocks:starfish":1,"minecraft:wooden_pickaxe":1},"minecraft:mined":{"immersiveengineering:concrete":1,"minecraft:smooth_stone":1,"minecraft:coarse_dirt":2,"rocks:oak_stick":1,"minecraft:grass_block":1,"rocks:starfish":3,"minecraft:crafting_table":2,"minecraft:coal_ore":17,"minecraft:grass":2,"immersiveengineering:concrete_quarter":2,"minecraft:oak_log":7,"minecraft:polished_andesite_stairs":1,"minecraft:gravel":1,"minecraft:dirt":6,"minecraft:stone":29,"minecraft:stone_bricks":1,"biomesoplenty:willow_log":8,"minecraft:sugar_cane":5,"minecraft:oak_leaves":3,"minecraft:fern":1,"biomesoplenty:willow_leaves":2},"minecraft:picked_up":{"minecraft:coarse_dirt":2,"minecraft:crafting_table":2,"immersiveengineering:concrete_quarter":2,"rocks:starfish":4,"minecraft:gravel":1,"minecraft:oak_log":6,"immersiveengineering:concrete":1,"minecraft:dirt":7,"minecraft:bone":4,"minecraft:rotten_flesh":3,"biomesoplenty:willow_log":8,"biomesoplenty:spanish_moss":1,"minecraft:stone_bricks":1,"apocalypsenow:human_flesh":2,"biomesoplenty:willow_sapling":1,"minecraft:smooth_stone":1,"minecraft:sugar_cane":13,"minecraft:coal":17,"minecraft:cobblestone":29},"minecraft:used":{"rocks:starfish":2,"minecraft:wooden_axe":1,"minecraft:glass_bottle":2,"minecraft:bread":1,"minecraft:stone_pickaxe":34,"minecraft:wooden_pickaxe":22,"minecraft:dirt":7,"minecraft:gravel":1,"biomesoplenty:willow_sapling":1,"minecraft:stone_bricks":1,"minecraft:stone_axe":1,"minecraft:wooden_sword":11,"minecraft:potion":4,"minecraft:crafting_table":4,"apocalypsenow:human_flesh":2,"minecraft:coarse_dirt":2,"minecraft:smooth_stone":1},"minecraft:crafted":{"minecraft:stone_pickaxe":1,"minecraft:wooden_axe":1,"minecraft:air":69},"minecraft:killed":{"minecraft:zombie":3}},"DataVersion":2975}