{"stats":{"minecraft:dropped":{"minecraft:glass_bottle":6,"apocalypsenow:can":1,"create:goggles":1},"minecraft:custom":{"lootr:looted_stat":2,"minecraft:interact_with_furnace":2,"minecraft:mob_kills":42,"minecraft:interact_with_anvil":1,"minecraft:interact_with_crafting_table":2,"minecraft:open_barrel":3,"minecraft:trashcan_opened":1,"minecraft:damage_dealt_resisted":1650,"minecraft:leave_game":1,"minecraft:time_since_death":23901,"minecraft:sleep_in_bed":1,"minecraft:climb_one_cm":1267,"minecraft:time_since_rest":5774,"minecraft:sprint_one_cm":54346,"minecraft:damage_taken":1372,"minecraft:walk_one_cm":85370,"minecraft:drop":8,"minecraft:damage_dealt":5939,"minecraft:swim_one_cm":1332,"minecraft:damage_dealt_absorbed":158,"minecraft:fly_one_cm":137511,"minecraft:crouch_one_cm":5183,"minecraft:play_time":44333,"minecraft:sneak_time":3105,"minecraft:deaths":4,"minecraft:walk_under_water_one_cm":3150,"minecraft:boat_one_cm":1392,"minecraft:jump":1291,"minecraft:walk_on_water_one_cm":19736,"minecraft:total_world_time":44333,"minecraft:fall_one_cm":8802},"minecraft:killed_by":{"undead_revamp2:the_moonflower":1,"minecraft:zombie":1,"undead_revamp2:thesmoker":1},"minecraft:picked_up":{"tac:round45":4,"minecraft:crafting_table":1,"rocks:starfish":1,"minecraft:potato":1,"minecraft:brown_bed":2,"minecraft:string":30,"minecraft:dirt":3,"minecraft:bone":30,"apocalypsenow:human_flesh":2,"apocalypsenow:can":1,"create:polished_cut_calcite_wall":2,"minecraft:glass_bottle":2,"tac:9mm_round":6,"minecraft:dark_oak_sapling":2,"minecraft:stick":4,"minecraft:torch":2,"minecraft:sand":5,"minecraft:carrot":1,"minecraft:dark_oak_log":17,"minecraft:rotten_flesh":22,"create:track":6,"alexsmobs:maggot":2},"minecraft:mined":{"minecraft:podzol":3,"minecraft:dark_oak_log":6,"create:track":6,"minecraft:crafting_table":1,"minecraft:torch":1,"create:framed_glass":2,"create:polished_cut_calcite_wall":2,"minecraft:wall_torch":1,"minecraft:brown_bed":2,"minecraft:sand":4,"minecraft:dirt":1,"minecraft:cobweb":2,"biomesoplenty:willow_leaves":1},"minecraft:used":{"apocalypsenow:butterfly_knife":16,"minecraft:wooden_pickaxe":5,"minecraft:cookie":4,"minecraft:torch":4,"minecraft:dirt":3,"minecraft:sand":4,"minecraft:crafting_table":1,"create:cogwheel":3,"create:schematicannon":1,"create:track":6,"minecraft:wooden_axe":4,"create:wrench":9,"create:water_wheel":18,"create:large_water_wheel":7,"apocalypsenow:dagger":266,"minecraft:potion":5,"create:mechanical_piston":7,"create:shaft":7,"apocalypsenow:open_canned_carrot":4,"create:vertical_gearbox":1,"apocalypsenow:black_motorcycle_helmet_helmet":1,"minecraft:brown_bed":1},"minecraft:crafted":{"minecraft:air":29,"minecraft:wooden_axe":1},"minecraft:killed":{"minecraft:husk":17,"undead_revamp2:thesmoker":4,"minecraft:zombie":14,"alexsmobs:fly":1,"zombiemobs:zombie_wolf":1,"zombie_extreme:runner":3}},"DataVersion":2975}