{"stats":{"minecraft:dropped":{"create:goggles":1},"minecraft:custom":{"minecraft:time_since_rest":9831,"minecraft:crouch_one_cm":121,"minecraft:play_time":15290,"minecraft:sprint_one_cm":12960,"minecraft:walk_one_cm":22153,"minecraft:damage_taken":185,"minecraft:deaths":1,"minecraft:sneak_time":178,"minecraft:walk_under_water_one_cm":2696,"minecraft:mob_kills":5,"minecraft:drop":1,"minecraft:jump":151,"minecraft:damage_dealt":22,"minecraft:leave_game":1,"minecraft:time_since_death":9800,"minecraft:walk_on_water_one_cm":13416,"minecraft:total_world_time":15290,"minecraft:climb_one_cm":459,"minecraft:fall_one_cm":4245,"minecraft:fly_one_cm":68325},"minecraft:killed_by":{"undead_revamp2:the_moonflower":1},"minecraft:picked_up":{"rocks:starfish":1,"minecraft:sand":1,"create:polished_cut_calcite_wall":2},"minecraft:mined":{"create:polished_cut_calcite_wall":2},"minecraft:used":{"create:mechanical_piston":7,"create:shaft":7,"create:wrench":9,"create:cogwheel":3,"create:schematicannon":1,"create:water_wheel":18,"minecraft:wooden_pickaxe":5,"create:vertical_gearbox":1,"create:large_water_wheel":7},"minecraft:killed":{"undead_revamp2:thesmoker":1,"minecraft:zombie":2}},"DataVersion":2975}